,product_id,hs_product_code,hs_product_name_short_en,level,parent_id
0,-1,-1,All,all,
1,0,0,Textiles,section,-1.0
2,1,1,Agriculture,section,-1.0
3,2,2,Stone,section,-1.0
4,3,3,Minerals,section,-1.0
5,4,4,Metals,section,-1.0
6,5,5,Chemicals,section,-1.0
7,6,6,Vehicles,section,-1.0
8,7,7,Machinery,section,-1.0
9,8,8,Electronics,section,-1.0
10,9,9,Other,section,-1.0
11,10,services,Services,section,-1.0
12,100,01,Live animals,2digit,1.0
13,101,02,Meat,2digit,1.0
14,102,03,Fish,2digit,1.0
15,103,04,Diary products,2digit,1.0
16,104,05,Animal products,2digit,1.0
17,105,06,Plants,2digit,1.0
18,106,07,Vegetables,2digit,1.0
19,107,08,Fruits and nuts,2digit,1.0
20,108,09,"Coffee, tea and spices",2digit,1.0
21,109,10,Cereals,2digit,1.0
22,110,11,"Flours, starches and malts",2digit,1.0
23,111,12,Oil seeds and oleaginous fruits,2digit,1.0
24,112,13,Lac and other vegetable extracts,2digit,1.0
25,113,14,Other vegetable materials,2digit,1.0
26,114,15,"Animal or vegetable fats, oils or waxes",2digit,1.0
27,115,16,Preparations of meat or fish,2digit,1.0
28,116,17,Sugar and candy,2digit,1.0
29,117,18,Cocoa,2digit,1.0
30,118,19,"Preparations of cereals, flour, starch or milk",2digit,1.0
31,119,20,"Preparations of vegetables, fruit, or nuts",2digit,1.0
32,120,21,Miscellaneous edible preparations,2digit,1.0
33,121,22,Beverages,2digit,1.0
34,122,23,Food residues and animal feed,2digit,1.0
35,123,24,Tobacco,2digit,1.0
36,124,25,"Salt, sulphur, lime, cement, etc.",2digit,3.0
37,125,26,"Ores, slag and ash",2digit,3.0
38,126,27,"Mineral fuels, oils and waxes",2digit,3.0
39,127,28,Inorganic chemicals,2digit,5.0
40,128,29,Organic chemicals,2digit,5.0
41,129,30,Pharmaceutical products,2digit,5.0
42,130,31,Fertilisers,2digit,5.0
43,131,32,"Dyes, paints, inks, etc.",2digit,5.0
44,132,33,Essential oils,2digit,5.0
45,133,34,"Soaps, waxes, and paints",2digit,5.0
46,134,35,Albuminoidals; modified starches; glues; enzymes,2digit,5.0
47,135,36,Explosives,2digit,5.0
48,136,37,Photographic or cinematographic goods,2digit,5.0
49,137,38,Miscellaneous chemical products,2digit,5.0
50,138,39,Plastics,2digit,5.0
51,139,40,Rubber,2digit,5.0
52,140,41,Leather and skins,2digit,1.0
53,141,42,Articles of leather,2digit,1.0
54,142,43,Furskins,2digit,1.0
55,143,44,Wood,2digit,1.0
56,144,45,Cork,2digit,1.0
57,145,46,Manufactues of plaiting materials,2digit,1.0
58,146,47,Pulp of wood,2digit,1.0
59,147,48,Paper and paperboard,2digit,1.0
60,148,49,Products of the printing industry,2digit,1.0
61,149,50,Silk,2digit,0.0
62,150,51,Wool,2digit,0.0
63,151,52,Cotton,2digit,0.0
64,152,53,Other vegetable textile fibres,2digit,0.0
65,153,54,Man-made filaments,2digit,0.0
66,154,55,Man-made staple fibres,2digit,0.0
67,155,56,"Wadding, felt and nonwovens",2digit,0.0
68,156,57,Carpets,2digit,0.0
69,157,58,Special woven fabrics,2digit,0.0
70,158,59,"Impregnated, coated or laminated textile fabrics",2digit,0.0
71,159,60,Knitted fabrics,2digit,0.0
72,160,61,"Apparel, knit",2digit,0.0
73,161,62,"Apparel, not knit",2digit,0.0
74,162,63,Other made up textile articles,2digit,0.0
75,163,64,Footwear,2digit,0.0
76,164,65,Headgear,2digit,0.0
77,165,66,Umbrellas and walking-sticks,2digit,0.0
78,166,67,Feathers and down,2digit,0.0
79,167,68,"Articles of stone, plaster, cement, etc.",2digit,2.0
80,168,69,Ceramic products,2digit,2.0
81,169,70,Glass and glassware,2digit,2.0
82,170,71,Precious metals and stones,2digit,2.0
83,171,72,Iron and steel,2digit,4.0
84,172,73,Articles of iron or steel,2digit,4.0
85,173,74,Copper,2digit,4.0
86,174,75,Nickel,2digit,4.0
87,175,76,Aluminium,2digit,4.0
88,176,78,Lead,2digit,4.0
89,177,79,Zinc,2digit,4.0
90,178,80,Tin,2digit,4.0
91,179,81,Other base metals,2digit,4.0
92,180,82,Metal tools and tableware,2digit,4.0
93,181,83,Miscellaneous articles of base metal,2digit,4.0
94,182,84,Industrial Machinery,2digit,7.0
95,183,85,Electrical machinery and equipment,2digit,8.0
96,184,86,Trains,2digit,6.0
97,185,87,Vehicles,2digit,6.0
98,186,88,Aircraft,2digit,6.0
99,187,89,Ships,2digit,6.0
100,188,90,"Apparatuses (optical, medical, etc.)",2digit,7.0
101,189,91,Clocks,2digit,7.0
102,190,92,Musical instruments,2digit,7.0
103,191,93,Arms and ammunition,2digit,7.0
104,192,94,Furniture,2digit,0.0
105,193,95,Toys,2digit,7.0
106,194,96,Miscellaneous manufactured articles,2digit,7.0
107,195,97,Art,2digit,0.0
108,196,99,Other,2digit,9.0
109,400,unspecified,Unspecified,2digit,10.0
110,401,travel,Travel and tourism,2digit,10.0
111,402,transport,Transport,2digit,10.0
112,403,ict,ICT,2digit,10.0
113,404,financial,Insurance and finance,2digit,10.0
114,650,0101,Horses,4digit,100.0
115,651,0102,Bovine,4digit,100.0
116,652,0103,Swine,4digit,100.0
117,653,0104,Sheep,4digit,100.0
118,654,0105,Fowl,4digit,100.0
119,655,0106,Other live animals,4digit,100.0
120,656,0201,Beef,4digit,101.0
121,657,0202,Beef (frozen),4digit,101.0
122,658,0203,Pork,4digit,101.0
123,659,0204,Lamb,4digit,101.0
124,660,0205,Horse meat,4digit,101.0
125,661,0206,Edible offal,4digit,101.0
126,662,0207,Poultry,4digit,101.0
127,663,0208,Other meat,4digit,101.0
128,664,0209,Pig and poultry fat,4digit,101.0
129,665,0210,Preserved meat,4digit,101.0
130,666,0301,Live Fish,4digit,102.0
131,667,0302,"Fish, excluding fillets",4digit,102.0
132,668,0303,"Frozen fish, excluding fillets",4digit,102.0
133,669,0304,Fish fillets,4digit,102.0
134,670,0305,Preserved fish,4digit,102.0
135,671,0306,Crustaceans,4digit,102.0
136,672,0307,Molluscs,4digit,102.0
137,673,0401,Milk,4digit,103.0
138,674,0402,"Milk, concentrated",4digit,103.0
139,675,0403,Fermented milk products,4digit,103.0
140,676,0404,Whey,4digit,103.0
141,677,0405,Butter,4digit,103.0
142,678,0406,Cheese,4digit,103.0
143,679,0407,"Eggs, in shell",4digit,103.0
144,680,0408,Egg yolks,4digit,103.0
145,681,0409,Honey,4digit,103.0
146,682,0410,"Edible animal products, n.e.c.",4digit,103.0
147,683,0501,"Human hair, unworked",4digit,104.0
148,684,0502,Brushmaking hair,4digit,104.0
149,685,0503,Horsehair,4digit,104.0
150,686,0504,"Animal guts, except fish",4digit,104.0
151,687,0505,Feathers and down,4digit,104.0
152,688,0506,"Bones, simply prepared",4digit,104.0
153,689,0507,Whalebone & horns,4digit,104.0
154,690,0508,Coral and shells,4digit,104.0
155,691,0509,Sponges of animal origin,4digit,104.0
156,692,0510,Animal products used in pharmaceuticals,4digit,104.0
157,693,0511,Animal products n.e.c.,4digit,104.0
158,694,0601,Flower bulbs,4digit,105.0
159,695,0602,Other live plants,4digit,105.0
160,696,0603,Cut flowers,4digit,105.0
161,697,0604,Other parts of plants,4digit,105.0
162,698,0701,Potatoes,4digit,106.0
163,699,0702,Tomatoes,4digit,106.0
164,700,0703,"Onions, shallots, garlic",4digit,106.0
165,701,0704,"Cabbages, cauliflowers, broccoli",4digit,106.0
166,702,0705,Lettuce,4digit,106.0
167,703,0706,Carrots & turnips,4digit,106.0
168,704,0707,Cucumbers,4digit,106.0
169,705,0708,Legumes,4digit,106.0
170,706,0709,Other vegetables,4digit,106.0
171,707,0710,Frozen vegetables,4digit,106.0
172,708,0711,"Vegetables, provisionally preserved",4digit,106.0
173,709,0712,"Vegetables, dried",4digit,106.0
174,710,0713,"Legumes, dried",4digit,106.0
175,711,0714,Tubers,4digit,106.0
176,712,0801,Cashew nuts & coconuts,4digit,107.0
177,713,0802,Other nuts,4digit,107.0
178,714,0803,Bananas and plantains,4digit,107.0
179,715,0804,"Avocados, pineapples, mangos, etc.",4digit,107.0
180,716,0805,Citrus fruit,4digit,107.0
181,717,0806,Grapes,4digit,107.0
182,718,0807,Melons and papayas,4digit,107.0
183,719,0808,Apples & pears,4digit,107.0
184,720,0809,Peaches & cherries,4digit,107.0
185,721,0810,Other fresh fruit,4digit,107.0
186,722,0811,"Fruits and nuts, frozen",4digit,107.0
187,723,0812,"Fruits and nuts, provisionally preserved",4digit,107.0
188,724,0813,"Fruits, dried",4digit,107.0
189,725,0814,Peel of citrus fruit or melons,4digit,107.0
190,726,0901,Coffee,4digit,108.0
191,727,0902,Tea,4digit,108.0
192,728,0903,Mate,4digit,108.0
193,729,0904,Pepper,4digit,108.0
194,730,0905,Vanilla,4digit,108.0
195,731,0906,Cinnamon,4digit,108.0
196,732,0907,Cloves,4digit,108.0
197,733,0908,Nutmeg,4digit,108.0
198,734,0909,"Anise, fennel, etc.",4digit,108.0
199,735,0910,Spices,4digit,108.0
200,736,1001,Wheat and meslin,4digit,109.0
201,737,1002,Rye,4digit,109.0
202,738,1003,Barley,4digit,109.0
203,739,1004,Oats,4digit,109.0
204,740,1005,Corn,4digit,109.0
205,741,1006,Rice,4digit,109.0
206,742,1007,Grain sorghum,4digit,109.0
207,743,1008,Other cereals,4digit,109.0
208,744,1101,Wheat or meslin flour,4digit,110.0
209,745,1102,Cereal flours,4digit,110.0
210,746,1103,Cereal meals,4digit,110.0
211,747,1104,Worked cereal grains,4digit,110.0
212,748,1105,Potato flour,4digit,110.0
213,749,1106,Flour of dried legumes,4digit,110.0
214,750,1107,Malt,4digit,110.0
215,751,1108,Starches,4digit,110.0
216,752,1109,Wheat gluten,4digit,110.0
217,753,1201,Soya beans,4digit,111.0
218,754,1202,Peanuts,4digit,111.0
219,755,1203,Copra,4digit,111.0
220,756,1204,Linseed,4digit,111.0
221,757,1205,Rape or colza seeds,4digit,111.0
222,758,1206,Sunflower seeds,4digit,111.0
223,759,1207,Other oil seeds,4digit,111.0
224,760,1208,Flours of oil seeds,4digit,111.0
225,761,1209,Seeds used for sowing,4digit,111.0
226,762,1210,Hop cones,4digit,111.0
227,763,1211,"Plants used in perfumery, pharmacy or insecticide",4digit,111.0
228,764,1212,Seaweeds & edible vegetable products,4digit,111.0
229,765,1213,Cereal straw and husks,4digit,111.0
230,766,1214,Forage products,4digit,111.0
231,767,1301,Lac,4digit,112.0
232,768,1302,Vegetable saps and extracts,4digit,112.0
233,769,1401,Vegetable materials used for plaiting,4digit,113.0
234,770,1402,Vegetable materials used as stuffing,4digit,113.0
235,771,1403,Vegetable materials used for brooms,4digit,113.0
236,772,1404,Vegetable products n.e.c.,4digit,113.0
237,773,1501,"Pig and poultry fat, rendered",4digit,114.0
238,774,1502,"Bovine, sheep and goat fats",4digit,114.0
239,775,1503,"Lard oil, tallow oil etc.",4digit,114.0
240,776,1504,Fish oils,4digit,114.0
241,777,1505,Wool grease,4digit,114.0
242,778,1506,Other animal fats and oils,4digit,114.0
243,779,1507,Soybean oil,4digit,114.0
244,780,1508,Peanut oil,4digit,114.0
245,781,1509,Olive oil,4digit,114.0
246,782,1510,"Olive oil, blended",4digit,114.0
247,783,1511,Palm oil,4digit,114.0
248,784,1512,Sunflower seed oil,4digit,114.0
249,785,1513,Coconut & palm kernel oil,4digit,114.0
250,786,1514,"Rapeseed, colza or mustard oil,",4digit,114.0
251,787,1515,Other vegetable fats and oils,4digit,114.0
252,788,1516,"Vegetable fats, hydrogenated",4digit,114.0
253,789,1517,Margarine,4digit,114.0
254,790,1518,"Animal or vegetable fats and oils, processed",4digit,114.0
255,791,1519,Stearic acid,4digit,114.0
256,792,1520,Glycerol,4digit,114.0
257,793,1521,Vegetable waxes and beeswax,4digit,114.0
258,794,1522,Degras and wax residues,4digit,114.0
259,795,1601,Sausages,4digit,115.0
260,796,1602,Other prepared or preserved meat,4digit,115.0
261,797,1603,Extracts and juices of meat or fish,4digit,115.0
262,798,1604,Prepared or preserved fish,4digit,115.0
263,799,1605,Prepared aquatic invertibrates,4digit,115.0
264,800,1701,Sugarcane & sucrose,4digit,116.0
265,801,1702,Other sugars,4digit,116.0
266,802,1703,Molasses,4digit,116.0
267,803,1704,Confectionery sugar,4digit,116.0
268,804,1801,Cocoa beans,4digit,117.0
269,805,1802,Cocoa residues,4digit,117.0
270,806,1803,Cocoa paste,4digit,117.0
271,807,1804,Cocoa butter,4digit,117.0
272,808,1805,Cocoa powder,4digit,117.0
273,809,1806,Chocolates,4digit,117.0
274,810,1901,Malt extract,4digit,118.0
275,811,1902,Pasta,4digit,118.0
276,812,1903,Tapioca,4digit,118.0
277,813,1904,Cereal foods,4digit,118.0
278,814,1905,Bakery products,4digit,118.0
279,815,2001,Pickled fruits and vegetables,4digit,119.0
280,816,2002,"Tomatoes, prepared or preserved",4digit,119.0
281,817,2003,"Mushrooms, prepared or preserved",4digit,119.0
282,818,2004,"Other vegetables, frozen",4digit,119.0
283,819,2005,"Other vegetables, prepared or preserved",4digit,119.0
284,820,2006,"Vegetables, fruits and nuts, preserved by sugar",4digit,119.0
285,821,2007,"Jams, jellies and marmalades",4digit,119.0
286,822,2008,"Fruits and nuts, otherwise prepared",4digit,119.0
287,823,2009,Fruit juices,4digit,119.0
288,824,2101,Coffee extracts,4digit,120.0
289,825,2102,Yeasts,4digit,120.0
290,826,2103,Sauces and seasonings,4digit,120.0
291,827,2104,Soups and broths,4digit,120.0
292,828,2105,Ice cream,4digit,120.0
293,829,2106,Food preparations n.e.c.,4digit,120.0
294,830,2201,Waters,4digit,121.0
295,831,2202,"Waters, flavored or sweetened",4digit,121.0
296,832,2203,Beer,4digit,121.0
297,833,2204,Wine,4digit,121.0
298,834,2205,"Wine, flavored",4digit,121.0
299,835,2206,Other fermented beverages,4digit,121.0
300,836,2207,Ethyl alcohol > 80%,4digit,121.0
301,837,2208,Spirits < 80% alcohol,4digit,121.0
302,838,2209,Vinegars,4digit,121.0
303,839,2301,"Flours of fish, for animal feed",4digit,122.0
304,840,2302,Cereal residues,4digit,122.0
305,841,2303,Starch residues,4digit,122.0
306,842,2304,Solid soybean residues,4digit,122.0
307,843,2305,Solid peanut residues,4digit,122.0
308,844,2306,Solid vegetable oil and fat residues,4digit,122.0
309,845,2307,Wine lees,4digit,122.0
310,846,2308,Vegetable materials for animal feeding,4digit,122.0
311,847,2309,Animal feed,4digit,122.0
312,848,2401,Unmanufactured tobacco,4digit,123.0
313,849,2402,Cigars and cigarettes,4digit,123.0
314,850,2403,Other manufactured tobacco,4digit,123.0
315,851,2501,Salt,4digit,3.0
316,852,2502,Unroasted iron pyrites,4digit,3.0
317,853,2503,"Sulphur, crude",4digit,3.0
318,854,2504,Natural graphite,4digit,3.0
319,855,2505,Natural sands,4digit,3.0
320,856,2506,Quartz,4digit,3.0
321,857,2507,Kaolin,4digit,3.0
322,858,2508,Clays,4digit,3.0
323,859,2509,Chalk,4digit,3.0
324,860,2510,Natural calcium phosphates,4digit,3.0
325,861,2511,Natural barium sulfate,4digit,3.0
326,862,2512,Siliceous fossil meals and earths,4digit,3.0
327,863,2513,Natural abrasives,4digit,3.0
328,864,2514,Slate,4digit,3.0
329,865,2515,Marble,4digit,3.0
330,866,2516,Granite,4digit,3.0
331,867,2517,Gravel,4digit,3.0
332,868,2518,Dolomite,4digit,3.0
333,869,2519,Natural magnesia,4digit,3.0
334,870,2520,Gypsum,4digit,3.0
335,871,2521,Limstone,4digit,3.0
336,872,2522,Quicklime,4digit,3.0
337,873,2523,Cements,4digit,3.0
338,874,2524,Asbestos,4digit,3.0
339,875,2525,Mica,4digit,3.0
340,876,2526,Natural steatite,4digit,3.0
341,877,2527,Natural cryolite,4digit,3.0
342,878,2528,Natural borates,4digit,3.0
343,879,2529,Feldspar,4digit,3.0
344,880,2530,Mineral substances n.e.c.,4digit,3.0
345,881,2601,Iron ores and concentrates,4digit,3.0
346,882,2602,Manganese > 47% by weight,4digit,3.0
347,883,2603,Copper ore,4digit,3.0
348,884,2604,Nickel ore,4digit,3.0
349,885,2605,Cobalt ore,4digit,3.0
350,886,2606,Aluminum ore,4digit,3.0
351,887,2607,Lead ore,4digit,3.0
352,888,2608,Zinc ore,4digit,3.0
353,889,2609,Tin ore,4digit,3.0
354,890,2610,Chromium ore,4digit,3.0
355,891,2611,Tungsten ore,4digit,3.0
356,892,2612,Uranium ore,4digit,3.0
357,893,2613,Molybdenum ore,4digit,3.0
358,894,2614,Titanium ore,4digit,3.0
359,895,2615,Zirconium ore,4digit,3.0
360,896,2616,Precious metal ores,4digit,3.0
361,897,2617,Other ores,4digit,3.0
362,898,2618,Granulated iron or steel slag,4digit,3.0
363,899,2619,Iron or steel slag,4digit,3.0
364,900,2620,"Slag, ash and residues containing metals",4digit,3.0
365,901,2621,Other slag and ash,4digit,3.0
366,902,2701,Coal,4digit,3.0
367,903,2702,Lignite,4digit,3.0
368,904,2703,Peat,4digit,3.0
369,905,2704,Coke,4digit,3.0
370,906,2705,Non-petroleum gases,4digit,3.0
371,907,2706,"Tar distilled from coal, lignite etc.",4digit,3.0
372,908,2707,Oils etc. from high temperature coal tar,4digit,3.0
373,909,2708,Pitch and pitch coke,4digit,3.0
374,910,2709,"Petroleum oils, crude",4digit,3.0
375,911,2710,"Petroleum oils, refined",4digit,3.0
376,912,2711,Petroleum gases,4digit,3.0
377,913,2712,Petroleum jelly,4digit,3.0
378,914,2713,Petroleum coke,4digit,3.0
379,915,2714,"Bitumen and asphalt, natural",4digit,3.0
380,916,2715,Bituminous mixtures,4digit,3.0
381,917,2716,Electrical energy,4digit,3.0
382,918,2801,Iodine,4digit,127.0
383,919,2802,"Sulfur, sublimed or precipitated",4digit,127.0
384,920,2803,Carbon,4digit,127.0
385,921,2804,Silicon & rare gases,4digit,127.0
386,922,2805,Rare-earth metals,4digit,127.0
387,923,2806,Hydrochloric acid,4digit,127.0
388,924,2807,"Sulfiric acid, oleum",4digit,127.0
389,925,2808,Sulfonitric acids,4digit,127.0
390,926,2809,Phosphoric acid etc.,4digit,127.0
391,927,2810,Oxides of boron; boric acids,4digit,127.0
392,928,2811,Other inorganic acids,4digit,127.0
393,929,2812,Halides of nonmetals,4digit,127.0
394,930,2813,Sulfides of nonmetals,4digit,127.0
395,931,2814,Ammonia,4digit,127.0
396,932,2815,Sodium hydroxide,4digit,127.0
397,933,2816,Hydroxides or peroxides of magnesium,4digit,127.0
398,934,2817,Zinc oxide or peroxide,4digit,127.0
399,935,2818,Aluminum oxide,4digit,127.0
400,936,2819,Chromium oxides and hydroxides,4digit,127.0
401,937,2820,Manganese oxides,4digit,127.0
402,938,2821,Iron oxides and hydroxides,4digit,127.0
403,939,2822,Cobalt oxides and hydroxides,4digit,127.0
404,940,2823,Titanium oxides,4digit,127.0
405,941,2824,Lead oxides,4digit,127.0
406,942,2825,"Metal base oxides, n.e.c.",4digit,127.0
407,943,2826,Flourides,4digit,127.0
408,944,2827,"Chlorides, bromides, iodides etc.",4digit,127.0
409,945,2828,Hyopchlorites,4digit,127.0
410,946,2829,Sodium chlorate,4digit,127.0
411,947,2830,Sulfides; polysulfides,4digit,127.0
412,948,2831,Dithionites and sulfoxylates,4digit,127.0
413,949,2832,Sulfites,4digit,127.0
414,950,2833,Sulfates,4digit,127.0
415,951,2834,"Nitrites, nitrates",4digit,127.0
416,952,2835,Phosphates,4digit,127.0
417,953,2836,Carbonates,4digit,127.0
418,954,2837,Cyanides,4digit,127.0
419,955,2838,"Fulminates, cyanates and thiocyanates",4digit,127.0
420,956,2839,Silicates,4digit,127.0
421,957,2840,Borates,4digit,127.0
422,958,2841,Salts of oxometallic acids,4digit,127.0
423,959,2842,Other salts of acids,4digit,127.0
424,960,2843,Compounds of precious metals,4digit,127.0
425,961,2844,Uranium,4digit,127.0
426,962,2845,Non-radioactive isotopes,4digit,127.0
427,963,2846,Compounds of rare-earth metals,4digit,127.0
428,964,2847,Hydrogen peroxide,4digit,127.0
429,965,2848,Phosphides,4digit,127.0
430,966,2849,Carbides,4digit,127.0
431,967,2850,"Hydrides, nitrides, azides, silicides and borides",4digit,127.0
432,968,2851,"Inorganic compounds, liquid or compressed air",4digit,127.0
433,969,2901,Acyclic hydrocarbons,4digit,128.0
434,970,2902,Cyclic hydrocarbons,4digit,128.0
435,971,2903,Halogenated derivatives of hydrocarbons,4digit,128.0
436,972,2904,"Sulfonated, nitrated derivatives of hydrocarbons",4digit,128.0
437,973,2905,Acyclic alcohols,4digit,128.0
438,974,2906,Cyclic alcohols,4digit,128.0
439,975,2907,"Phenols, phenol-alcohols",4digit,128.0
440,976,2908,Derivatives of phenols,4digit,128.0
441,977,2909,Ethers,4digit,128.0
442,978,2910,Epoxides,4digit,128.0
443,979,2911,Acetals and hemiacetals,4digit,128.0
444,980,2912,Aldehydes,4digit,128.0
445,981,2913,Derivatives of aldehydes,4digit,128.0
446,982,2914,Ketones and quinones,4digit,128.0
447,983,2915,Saturated acyclic monocarboxylic acids,4digit,128.0
448,984,2916,Unsaturated acyclic monocarboxylic acids,4digit,128.0
449,985,2917,Polycarboxylic acids,4digit,128.0
450,986,2918,Carboxylic acids with additional oxygen function,4digit,128.0
451,987,2919,Phosporic esters,4digit,128.0
452,988,2920,Esters of other inorganic acids of nonmetals,4digit,128.0
453,989,2921,Amine-function compounds,4digit,128.0
454,990,2922,Oxygen-function amino-compounds,4digit,128.0
455,991,2923,Quaternary ammonium salts and hydroxides,4digit,128.0
456,992,2924,Carboxyamide-function compounds,4digit,128.0
457,993,2925,Carboxyimide-function compounds,4digit,128.0
458,994,2926,Nitrile-function compounds,4digit,128.0
459,995,2927,"Diazo-, azo-, or azoxy-compounds",4digit,128.0
460,996,2928,Organix derivatives of hydrazine,4digit,128.0
461,997,2929,Isocyanates,4digit,128.0
462,998,2930,Organo-sulfur compounds,4digit,128.0
463,999,2931,Other organo-inorganic compounds,4digit,128.0
464,1000,2932,Heterocyclic compounds with oxygen hetero-atom(s) only,4digit,128.0
465,1001,2933,Heterocyclic compounds with nitrogen hetero-atom(s) only,4digit,128.0
466,1002,2934,Nucleic acids and their salts,4digit,128.0
467,1003,2935,Sulfonamides,4digit,128.0
468,1004,2936,Vitamins,4digit,128.0
469,1005,2937,Hormones,4digit,128.0
470,1006,2938,Glycosides,4digit,128.0
471,1007,2939,Vegetable alkaloids,4digit,128.0
472,1008,2940,"Other sugars, chemically pure",4digit,128.0
473,1009,2941,Antibiotics,4digit,128.0
474,1010,2942,Other organic compounds,4digit,128.0
475,1011,3001,Heparin for therapeutic use,4digit,129.0
476,1012,3002,Serums and vaccines,4digit,129.0
477,1013,3003,"Medicaments, not packaged",4digit,129.0
478,1014,3004,"Medicaments, packaged",4digit,129.0
479,1015,3005,"Wadding, gauze and bandages",4digit,129.0
480,1016,3006,Pharmaceutical goods,4digit,129.0
481,1017,3101,Animal or vegetable fertilizers,4digit,130.0
482,1018,3102,Nitrogenous fertilizers,4digit,130.0
483,1019,3103,Phosphatic fertilizers,4digit,130.0
484,1020,3104,Potassic fertilizers,4digit,130.0
485,1021,3105,Mixed fertilizers,4digit,130.0
486,1022,3201,Vegetable tanning extracts,4digit,131.0
487,1023,3202,Synthetic tanning substances,4digit,131.0
488,1024,3203,Coloring matter of animal or vegetable origin,4digit,131.0
489,1025,3204,Synthetic organic coloring matter,4digit,131.0
490,1026,3205,Color lakes,4digit,131.0
491,1027,3206,Other coloring matter,4digit,131.0
492,1028,3207,Prepared pigments,4digit,131.0
493,1029,3208,"Paints and varnishes, nonaqueous",4digit,131.0
494,1030,3209,"Paints and varnishes, aqueous",4digit,131.0
495,1031,3210,Other paints and varnishes,4digit,131.0
496,1032,3211,Prepared driers,4digit,131.0
497,1033,3212,"Pigments, nonaqueous",4digit,131.0
498,1034,3213,Artists' colors,4digit,131.0
499,1035,3214,Glaziers' putty,4digit,131.0
500,1036,3215,Ink,4digit,131.0
501,1037,3301,Essential oils,4digit,132.0
502,1038,3302,Mixtures of odoriferous subtances,4digit,132.0
503,1039,3303,Perfumes,4digit,132.0
504,1040,3304,Make-up preparations,4digit,132.0
505,1041,3305,Hair products,4digit,132.0
506,1042,3306,Dental hygiene products,4digit,132.0
507,1043,3307,Toiletries,4digit,132.0
508,1044,3401,Soap,4digit,133.0
509,1045,3402,Cleaning products,4digit,133.0
510,1046,3403,Lubricants,4digit,133.0
511,1047,3404,Artificial and prepared waxes,4digit,133.0
512,1048,3405,Polishes and creams,4digit,133.0
513,1049,3406,Candles,4digit,133.0
514,1050,3407,Modeling pastes,4digit,133.0
515,1051,3501,Casein,4digit,133.0
516,1052,3502,Albumins,4digit,134.0
517,1053,3503,Gelatin,4digit,134.0
518,1054,3504,Peptones,4digit,134.0
519,1055,3505,Dextrins and other modified starches,4digit,134.0
520,1056,3506,Glues and adhesives,4digit,134.0
521,1057,3507,Enzymes,4digit,134.0
522,1058,3601,Propellant powders,4digit,135.0
523,1059,3602,"Prepared explosives, except gunpowder",4digit,135.0
524,1060,3603,Detonators,4digit,135.0
525,1061,3604,Fireworks,4digit,135.0
526,1062,3605,Matches,4digit,135.0
527,1063,3606,Ferrocerium and other pyrophoric alloys,4digit,135.0
528,1064,3701,Photographic plates,4digit,136.0
529,1065,3702,Photographic film in rolls,4digit,136.0
530,1066,3703,Photographic paper,4digit,136.0
531,1067,3704,"Photographic film, not developed",4digit,136.0
532,1068,3705,"Photographic film, developed",4digit,136.0
533,1069,3706,Motion-picture film,4digit,136.0
534,1070,3707,Chemical preparations for photographic uses,4digit,136.0
535,1071,3801,Artificial graphite,4digit,137.0
536,1072,3802,Activated carbon,4digit,137.0
537,1073,3803,Tall oil,4digit,137.0
538,1074,3804,Residual lyes,4digit,137.0
539,1075,3805,Turpentines,4digit,137.0
540,1076,3806,Rosin and resin acids,4digit,137.0
541,1077,3807,Wood tar and oils,4digit,137.0
542,1078,3808,"Insecticides, rodenticides, fungicides, etc.",4digit,137.0
543,1079,3809,Finishing agents,4digit,137.0
544,1080,3810,Pickling preparations for metal surfaces,4digit,137.0
545,1081,3811,Anti-knock,4digit,137.0
546,1082,3812,Stabilizers for rubber or plastic,4digit,137.0
547,1083,3813,Preparations for fire extinguishers,4digit,137.0
548,1084,3814,Organic composite solvents and thinners,4digit,137.0
549,1085,3815,Catalytic preparations,4digit,137.0
550,1086,3816,Refractory cements,4digit,137.0
551,1087,3817,Mixed alkylbenzenes,4digit,137.0
552,1088,3818,Chemical elements for electronics,4digit,137.0
553,1089,3819,Hydraulic fluids,4digit,137.0
554,1090,3820,Antifreezing preparation,4digit,137.0
555,1091,3821,Prepared culture media for micro-organisms,4digit,137.0
556,1092,3822,Diagnostic or laboratory reagents,4digit,137.0
557,1093,3823,Industrial monocarboxylic fatty acids,4digit,137.0
558,1094,3901,Polymers of ethylene,4digit,138.0
559,1095,3902,Polymers of propylene,4digit,138.0
560,1096,3903,Polymers of styrene,4digit,138.0
561,1097,3904,Polymers of vinyl chloride,4digit,138.0
562,1098,3905,Polymers of vinyl acetate,4digit,138.0
563,1099,3906,Acrylic polymers,4digit,138.0
564,1100,3907,Polyacetals,4digit,138.0
565,1101,3908,Polyamides,4digit,138.0
566,1102,3909,Amino-resins,4digit,138.0
567,1103,3910,Silicones in primary forms,4digit,138.0
568,1104,3911,Petroleum resins,4digit,138.0
569,1105,3912,Cellulose n.e.c.,4digit,138.0
570,1106,3913,Natural polymers,4digit,138.0
571,1107,3914,Ion-exchangers based on polymers,4digit,138.0
572,1108,3915,Plastic waste,4digit,138.0
573,1109,3916,Monofilament,4digit,138.0
574,1110,3917,Plastic tubes and fittings,4digit,138.0
575,1111,3918,Plastic floor coverings,4digit,138.0
576,1112,3919,Self-adhesive plastic sheets,4digit,138.0
577,1113,3920,"Other plates of plastics, noncellular and not reinforced",4digit,138.0
578,1114,3921,"Other plastic plates, sheets etc.",4digit,138.0
579,1115,3922,"Baths, sinks etc.",4digit,138.0
580,1116,3923,Packing lids,4digit,138.0
581,1117,3924,Plastic household articles,4digit,138.0
582,1118,3925,Plastic builders' ware,4digit,138.0
583,1119,3926,Other articles of plastic,4digit,138.0
584,1120,4001,Natural rubber,4digit,139.0
585,1121,4002,Synthetic rubber,4digit,139.0
586,1122,4003,Reclaimed rubber,4digit,139.0
587,1123,4004,Scrap of rubber,4digit,139.0
588,1124,4005,Compounded rubber,4digit,139.0
589,1125,4006,Unvulcanized rubber rods,4digit,139.0
590,1126,4007,Vulcanized rubber thread and cord,4digit,139.0
591,1127,4008,Vulcanized rubber plates,4digit,139.0
592,1128,4009,Vulcanized rubber tubes,4digit,139.0
593,1129,4010,Conveyor belts of vulcanized rubber,4digit,139.0
594,1130,4011,New pneumatic tires of rubber,4digit,139.0
595,1131,4012,Used pneumatic tires of rubber,4digit,139.0
596,1132,4013,Rubber inner tubes,4digit,139.0
597,1133,4014,Rubber hygenic or pharmeceutical items,4digit,139.0
598,1134,4015,Vulcanized rubber articles of apparel,4digit,139.0
599,1135,4016,Other articles of vulcanized rubber,4digit,139.0
600,1136,4017,Hard rubber,4digit,139.0
601,1137,4101,Raw hides of bovines or equines,4digit,140.0
602,1138,4102,Raw skins of sheep or lambs,4digit,140.0
603,1139,4103,Other raw hides and skins,4digit,140.0
604,1140,4104,Tanned hides of bovines or equines,4digit,140.0
605,1141,4105,Tanned sheepskins,4digit,140.0
606,1142,4106,Tanned skins of other animals,4digit,140.0
607,1143,4107,Bovine leather further prepared,4digit,140.0
608,1144,4108,Chamois leather,4digit,140.0
609,1145,4109,Patent leather,4digit,140.0
610,1146,4110,Waste of leather,4digit,140.0
611,1147,4111,Composition leather,4digit,140.0
612,1148,4201,Saddlery and harnesses,4digit,141.0
613,1149,4202,Trunks or cases,4digit,141.0
614,1150,4203,Leather apparel,4digit,141.0
615,1151,4204,Articles of leather for technical uses,4digit,141.0
616,1152,4205,Other articles of leather,4digit,141.0
617,1153,4206,Articles of gut,4digit,141.0
618,1154,4301,Other raw furskins,4digit,142.0
619,1155,4302,Other tanned furskins,4digit,142.0
620,1156,4303,Furskin apparel,4digit,142.0
621,1157,4304,Artificial fur,4digit,142.0
622,1158,4401,Fuel wood,4digit,143.0
623,1159,4402,Wood charcoal,4digit,143.0
624,1160,4403,Wood in the rough,4digit,143.0
625,1161,4404,Strips and other pieces of wood,4digit,143.0
626,1162,4405,Wood wool or flour,4digit,143.0
627,1163,4406,Wooden railway ties,4digit,143.0
628,1164,4407,Wood sawn lengthwise,4digit,143.0
629,1165,4408,Sheets for veneering for plywood,4digit,143.0
630,1166,4409,Wood shaped along its edges,4digit,143.0
631,1167,4410,Particle board and similar board,4digit,143.0
632,1168,4411,Fiberboard of wood,4digit,143.0
633,1169,4412,Plywood,4digit,143.0
634,1170,4413,Densified wood,4digit,143.0
635,1171,4414,Wooden frames,4digit,143.0
636,1172,4415,Packing boxes,4digit,143.0
637,1173,4416,"Casks, barrels, etc. of wood",4digit,143.0
638,1174,4417,Wooden tools,4digit,143.0
639,1175,4418,Wood carpentry for construction,4digit,143.0
640,1176,4419,Wooden kitchenware,4digit,143.0
641,1177,4420,"Wood marquetry, ornaments, etc.",4digit,143.0
642,1178,4421,Other articles of wood,4digit,143.0
643,1179,4501,"Natural cork, raw",4digit,144.0
644,1180,4502,"Natural cork, debacked",4digit,144.0
645,1181,4503,Articles of natural cork,4digit,144.0
646,1182,4504,Agglomerated cork,4digit,144.0
647,1183,4601,Products of plaiting materials,4digit,145.0
648,1184,4602,Basketwork,4digit,145.0
649,1185,4701,Mechanical woodpulp,4digit,146.0
650,1186,4702,"Chemical woodpulp, dissolving grade",4digit,146.0
651,1187,4703,"Chemical woodpulp, soda or sulfate",4digit,146.0
652,1188,4704,"Chemical woodpulp, sulfite",4digit,146.0
653,1189,4705,Semichemical woodpulp,4digit,146.0
654,1190,4706,Pulps of recovered paper fibers,4digit,146.0
655,1191,4707,Paper waste,4digit,146.0
656,1192,4801,Newsprint,4digit,147.0
657,1193,4802,Paper used for graphic purposes,4digit,147.0
658,1194,4803,Tissue,4digit,147.0
659,1195,4804,Uncoated kraft paper and paperboard,4digit,147.0
660,1196,4805,Other uncoated paper and paperboard,4digit,147.0
661,1197,4806,Transparent paper,4digit,147.0
662,1198,4807,Uncoated composite paper,4digit,147.0
663,1199,4808,Corrugated paper and paperboard,4digit,147.0
664,1200,4809,Carbon paper,4digit,147.0
665,1201,4810,"Paper and paperboard, coated with kaolin",4digit,147.0
666,1202,4811,"Cellulose wadding, coated",4digit,147.0
667,1203,4812,Filter blocks of paper pulp,4digit,147.0
668,1204,4813,Cigarette paper,4digit,147.0
669,1205,4814,Wallpaper,4digit,147.0
670,1206,4815,Floor coverings of paper,4digit,147.0
671,1207,4816,Other carbon paper,4digit,147.0
672,1208,4817,Letterstock,4digit,147.0
673,1209,4818,Toilet paper,4digit,147.0
674,1210,4819,Cardboard packing containers,4digit,147.0
675,1211,4820,Notebooks,4digit,147.0
676,1212,4821,Paper labels,4digit,147.0
677,1213,4822,"Bobbins, spools, cops of paper",4digit,147.0
678,1214,4823,Other paper cut to size,4digit,147.0
679,1215,4901,"Books, brochures etc.",4digit,148.0
680,1216,4902,"Newspapers, journals and periodicals",4digit,148.0
681,1217,4903,Children's books,4digit,148.0
682,1218,4904,"Music, printed or in manuscript",4digit,148.0
683,1219,4905,Maps,4digit,148.0
684,1220,4906,"Architectural, engineering, etc. drawings",4digit,148.0
685,1221,4907,Unused stamps,4digit,148.0
686,1222,4908,Transfers (decalcomanias),4digit,148.0
687,1223,4909,Printed or illustrated postcards,4digit,148.0
688,1224,4910,Calendars,4digit,148.0
689,1225,4911,Other printed matter,4digit,148.0
690,1226,5001,Silkworm cocoons,4digit,149.0
691,1227,5002,Raw silk,4digit,149.0
692,1228,5003,Silk waste,4digit,149.0
693,1229,5004,Silk yarn,4digit,149.0
694,1230,5005,Yarn from silk waste,4digit,149.0
695,1231,5006,"Silk yarn, for retail sale",4digit,149.0
696,1232,5007,Woven silk fabrics,4digit,149.0
697,1233,5101,Wool,4digit,150.0
698,1234,5102,Animal hair,4digit,150.0
699,1235,5103,Wool or animal hair waste,4digit,150.0
700,1236,5104,Garnetted stock of wool or animal hair,4digit,150.0
701,1237,5105,"Wool, combed",4digit,150.0
702,1238,5106,"Yarn of carded wool, not for retail sale",4digit,150.0
703,1239,5107,"Yarn of combed wool, not for retail sale",4digit,150.0
704,1240,5108,"Yarn of animal hair, not for retail sale",4digit,150.0
705,1241,5109,"Yarn of wool or animal hair, for retail sale",4digit,150.0
706,1242,5110,Yarn of coarse animal hair or of horsehair,4digit,150.0
707,1243,5111,Woven fabrics of carded wool,4digit,150.0
708,1244,5112,Woven fabrics of combed wool,4digit,150.0
709,1245,5113,Woven fabrics of coarse animal hair,4digit,150.0
710,1246,5201,Raw cotton,4digit,151.0
711,1247,5202,Cotton waste,4digit,151.0
712,1248,5203,"Cotton, carded or combed",4digit,151.0
713,1249,5204,Cotton sewing thread,4digit,151.0
714,1250,5205,Cotton yarn of > 85%,4digit,151.0
715,1251,5206,Cotton yarn of < 85%,4digit,151.0
716,1252,5207,Cotton yarn for retail sale,4digit,151.0
717,1253,5208,Woven fabrics of cotton of > 85% weighing < 200 g/m2,4digit,151.0
718,1254,5209,Woven fabrics of cotton of < 85% weighing > 200 g/m2,4digit,151.0
719,1255,5210,Woven fabrics of cotton of < 85% weighing < 200 g/m2,4digit,151.0
720,1256,5211,Woven fabrics of cotton of < 85% weighing > 200 g/m2,4digit,151.0
721,1257,5212,Other woven cotton fabrics,4digit,151.0
722,1258,5301,"Flax, raw or processed",4digit,152.0
723,1259,5302,Hemp fiber,4digit,152.0
724,1260,5303,Textile bast fibers,4digit,152.0
725,1261,5304,Sisal and agave fibers,4digit,152.0
726,1262,5305,Vegetable textile fibers,4digit,152.0
727,1263,5306,Flax yarn,4digit,152.0
728,1264,5307,Yarn of textile bast fibers,4digit,152.0
729,1265,5308,Yarn of other vegetable textile fibers,4digit,152.0
730,1266,5309,Woven fabrics of flax,4digit,152.0
731,1267,5310,Woven fabrics of jute or of other textile bast fibers,4digit,152.0
732,1268,5311,Woven fabrics of vegetable textile fibers,4digit,152.0
733,1269,5401,Synthetic sowing thread,4digit,153.0
734,1270,5402,Synthetic filament yarn,4digit,153.0
735,1271,5403,Artificial filament yarn,4digit,153.0
736,1272,5404,"Synthetic monofilament >67 dtex, thickness < 1mm",4digit,153.0
737,1273,5405,"Artificial monofilament >67dtex t<1mm, strip, straws t<5mm",4digit,153.0
738,1274,5406,Synthetic filament yarn for retail sale,4digit,153.0
739,1275,5407,Woven fabrics of synthetic filament yarn,4digit,153.0
740,1276,5408,Woven fabrics of artificial filament yarn,4digit,153.0
741,1277,5501,Synthetic filament tow,4digit,154.0
742,1278,5502,Artificial filament tow,4digit,154.0
743,1279,5503,Synthetic staple fibers,4digit,154.0
744,1280,5504,"Artificial staple fibers, not processed for spinning",4digit,154.0
745,1281,5505,Waste of man-made fibers,4digit,154.0
746,1282,5506,"Synthetic staple fibers, processed",4digit,154.0
747,1283,5507,"Artificial staple fibers, processed",4digit,154.0
748,1284,5508,Synthetic staple fibers sewing thread,4digit,154.0
749,1285,5509,"Yarn of synthetic staple fibers, not for retail sale",4digit,154.0
750,1286,5510,"Yarn of artificial staple fibers, not for retail sale",4digit,154.0
751,1287,5511,"Yarn of synthetic staple fibers, for retail sale",4digit,154.0
752,1288,5512,Woven fabrics of > 85% synthetic staple fibers,4digit,154.0
753,1289,5513,Woven fabrics of < 85% synthetic staple fibers weighing < 170 g/m2,4digit,154.0
754,1290,5514,Woven fabrics of < 85% synthetic staple fibers weighing > 170 g/m2,4digit,154.0
755,1291,5515,Other woven fabrics of synthetic staple fibers,4digit,154.0
756,1292,5516,Woven fabrics of artificial staple fibers,4digit,154.0
757,1293,5601,Wadding of textile materials,4digit,155.0
758,1294,5602,Felt,4digit,155.0
759,1295,5603,Nonwoven textiles,4digit,155.0
760,1296,5604,Rubber textiles,4digit,155.0
761,1297,5605,Metallised yarn,4digit,155.0
762,1298,5606,Gimp yarn,4digit,155.0
763,1299,5607,Twine and ropes of baste fibers,4digit,155.0
764,1300,5608,Nets,4digit,155.0
765,1301,5609,"Articles of yarn, rope etc not elsewhere clasified",4digit,155.0
766,1302,5701,"Carpets, knotted",4digit,156.0
767,1303,5702,Woven carpets and rugs,4digit,156.0
768,1304,5703,"Carpets, tufted",4digit,156.0
769,1305,5704,Carpets of felt,4digit,156.0
770,1306,5705,Other carpets,4digit,156.0
771,1307,5801,Woven pile fabrics,4digit,157.0
772,1308,5802,Terry cloth,4digit,157.0
773,1309,5803,Gauze,4digit,157.0
774,1310,5804,Lace and net fabrics,4digit,157.0
775,1311,5805,Hand-woven tapestries,4digit,157.0
776,1312,5806,Narrow woven fabrics,4digit,157.0
777,1313,5807,Labels and badges of textiles,4digit,157.0
778,1314,5808,Braids in piece,4digit,157.0
779,1315,5809,Woven fabric incorporating metal threads,4digit,157.0
780,1316,5810,Embroidery in the piece,4digit,157.0
781,1317,5811,Quilted textile products,4digit,157.0
782,1318,5901,Stiffened textiles,4digit,158.0
783,1319,5902,Tire cord fabric,4digit,158.0
784,1320,5903,Textile fabrics impregnated with plastics,4digit,158.0
785,1321,5904,Linoleum,4digit,158.0
786,1322,5905,Textile wall coverings,4digit,158.0
787,1323,5906,Rubberized textile fabrics,4digit,158.0
788,1324,5907,"Other textile fabrics impregnated, coated or covered",4digit,158.0
789,1325,5908,Textile wicks,4digit,158.0
790,1326,5909,Textile hosepiping and similar tubing,4digit,158.0
791,1327,5910,"Transmission belts or belting, of textile material",4digit,158.0
792,1328,5911,Textile articles for technical use,4digit,158.0
793,1329,6001,"Pile fabrics, knit",4digit,159.0
794,1330,6002,Other knitted fabrics,4digit,159.0
795,1331,6101,"Men's overcoats, knit",4digit,160.0
796,1332,6102,"Women's overcoats, knit",4digit,160.0
797,1333,6103,"Men's suits, knit",4digit,160.0
798,1334,6104,"Women's suits, knit",4digit,160.0
799,1335,6105,"Men's shirts, knit",4digit,160.0
800,1336,6106,"Women's shirts, knit",4digit,160.0
801,1337,6107,"Men's undergarments, knit",4digit,160.0
802,1338,6108,"Women's undergarments, knit",4digit,160.0
803,1339,6109,"T-shirts, knit",4digit,160.0
804,1340,6110,"Sweaters, pullovers, sweatshirts etc., knit",4digit,160.0
805,1341,6111,"Babies' garments, knit",4digit,160.0
806,1342,6112,"Activewear, knit",4digit,160.0
807,1343,6113,Garments knit with impregnated fibers,4digit,160.0
808,1344,6114,"Other garments, knit",4digit,160.0
809,1345,6115,"Socks, stockings, etc., knit",4digit,160.0
810,1346,6116,"Gloves, knit",4digit,160.0
811,1347,6117,"Other clothing accesories, knit",4digit,160.0
812,1348,6201,"Men's overcoats, not knit",4digit,161.0
813,1349,6202,"Womens overcoats, not knit",4digit,161.0
814,1350,6203,Men's suits and pants,4digit,161.0
815,1351,6204,Women's suits and pants,4digit,161.0
816,1352,6205,Men's shirts,4digit,161.0
817,1353,6206,Women's shirts,4digit,161.0
818,1354,6207,Men's undergarments,4digit,161.0
819,1355,6208,Women's undergarments,4digit,161.0
820,1356,6209,Babies' garments,4digit,161.0
821,1357,6210,Garments made of textile felts and nonwoven fabric,4digit,161.0
822,1358,6211,Activewear,4digit,161.0
823,1359,6212,Brassieres,4digit,161.0
824,1360,6213,Handkerchiefs,4digit,161.0
825,1361,6214,"Shawls, scarves, etc.",4digit,161.0
826,1362,6215,"Ties, bow ties and cravats",4digit,161.0
827,1363,6216,Gloves,4digit,161.0
828,1364,6217,Other clothing accesories,4digit,161.0
829,1365,6301,Blankets,4digit,162.0
830,1366,6302,House linen,4digit,162.0
831,1367,6303,Curtains,4digit,162.0
832,1368,6304,Other furnishing articles,4digit,162.0
833,1369,6305,Bags for packing goods,4digit,162.0
834,1370,6306,"Tents, tarpaulins, etc.",4digit,162.0
835,1371,6307,Other made up articles,4digit,162.0
836,1372,6308,Needlecraft sets of woven fabric and yarn,4digit,162.0
837,1373,6309,Used clothes and textiles,4digit,162.0
838,1374,6310,Used or new rags textile scraps,4digit,162.0
839,1375,6401,Waterproof footwear,4digit,163.0
840,1376,6402,Other footwear of rubber or plastics,4digit,163.0
841,1377,6403,Leather footwear,4digit,163.0
842,1378,6404,Textile footwear,4digit,163.0
843,1379,6405,Other footwear,4digit,163.0
844,1380,6406,Parts of footwear,4digit,163.0
845,1381,6501,Hat forms,4digit,164.0
846,1382,6502,Hat shapes,4digit,164.0
847,1383,6503,Felt hats,4digit,164.0
848,1384,6504,Hats,4digit,164.0
849,1385,6505,"Hats, knit",4digit,164.0
850,1386,6506,Other headgear,4digit,164.0
851,1387,6507,Headbands,4digit,164.0
852,1388,6601,Umbrellas,4digit,165.0
853,1389,6602,Walking sticks,4digit,165.0
854,1390,6603,Parts of umbrellas or walking sticks,4digit,165.0
855,1391,6701,Feathers or down,4digit,166.0
856,1392,6702,Artificial flowers,4digit,166.0
857,1393,6703,Human animal hair prepared for use in wigs,4digit,166.0
858,1394,6704,Wigs,4digit,166.0
859,1395,6801,"Flagstones, of natural stone",4digit,2.0
860,1396,6802,Worked building stone,4digit,2.0
861,1397,6803,Worked slate,4digit,2.0
862,1398,6804,Grindstones,4digit,2.0
863,1399,6805,Natural or artificial abrasive powder,4digit,2.0
864,1400,6806,Mineral wools and insulating materials,4digit,2.0
865,1401,6807,Asphalt,4digit,2.0
866,1402,6808,Panels of vegetable fibers,4digit,2.0
867,1403,6809,Plaster articles,4digit,2.0
868,1404,6810,"Articles of cement, of concrete or of artificial stone",4digit,2.0
869,1405,6811,Asbestos-cement or cellulose fiber-cement,4digit,2.0
870,1406,6812,Asbestos fibres,4digit,2.0
871,1407,6813,Friction material and articles thereof,4digit,2.0
872,1408,6814,Mica articles,4digit,2.0
873,1409,6815,Articles of stone or of other mineral substances,4digit,2.0
874,1410,6901,"Bricks, blocks, and other ceramic goods",4digit,2.0
875,1411,6902,"Bricks, tiles and similar refractory ceramic constructional goods",4digit,2.0
876,1412,6903,Other refractory ceramic goods,4digit,2.0
877,1413,6904,Ceramic building bricks,4digit,2.0
878,1414,6905,Architectural ceramic ornaments,4digit,2.0
879,1415,6906,Ceramic pipes,4digit,2.0
880,1416,6907,Unglazed ceramic flags and pavers,4digit,2.0
881,1417,6908,Glazed ceramic flags and pavers,4digit,2.0
882,1418,6909,Ceramic wares for technical ware,4digit,2.0
883,1419,6910,"Ceramic sinks, washbasins, and similar sanitary fixtures",4digit,2.0
884,1420,6911,Porcelain or china household articles,4digit,2.0
885,1421,6912,Ceramic household articles,4digit,2.0
886,1422,6913,Ornamental ceramic articles,4digit,2.0
887,1423,6914,Other ceramic articles,4digit,2.0
888,1424,7001,Cullet and other scraps of glass,4digit,2.0
889,1425,7002,Glass balls,4digit,2.0
890,1426,7003,"Glass, cast or rolled",4digit,2.0
891,1427,7004,Drawn and blown glass,4digit,2.0
892,1428,7005,Float glass,4digit,2.0
893,1429,7006,Worked glass,4digit,2.0
894,1430,7007,Safety glass,4digit,2.0
895,1431,7008,Multiple-walled insulating glass,4digit,2.0
896,1432,7009,Glass mirrors,4digit,2.0
897,1433,7010,Glass containers for conveyance,4digit,2.0
898,1434,7011,Glass envelopes,4digit,2.0
899,1435,7012,Glass inners for vacuum flasks,4digit,2.0
900,1436,7013,Glassware for interior decorative use,4digit,2.0
901,1437,7014,Signaling glassware,4digit,2.0
902,1438,7015,Clock or watch glasses and similar glasses,4digit,2.0
903,1439,7016,Glass paving blocks or other molded products,4digit,2.0
904,1440,7017,"Laboratory, hygienic or pharmaceutical glassware",4digit,2.0
905,1441,7018,Glass beads,4digit,2.0
906,1442,7019,Glass fibers,4digit,2.0
907,1443,7020,Other articles of glass,4digit,2.0
908,1444,7101,Pearls,4digit,2.0
909,1445,7102,Diamonds,4digit,2.0
910,1446,7103,Precious stones,4digit,2.0
911,1447,7104,Synthetic precious stones,4digit,2.0
912,1448,7105,Diamond dust,4digit,2.0
913,1449,7106,Silver,4digit,2.0
914,1450,7107,Silver clad metals,4digit,2.0
915,1451,7108,Gold,4digit,2.0
916,1452,7109,Gold clad metals,4digit,2.0
917,1453,7110,Platinum,4digit,2.0
918,1454,7111,Platinum clad metals,4digit,2.0
919,1455,7112,Scrap of precious metal,4digit,2.0
920,1456,7113,Jewelry of precious metal,4digit,2.0
921,1457,7114,Goldsmith and silversmith wares,4digit,2.0
922,1458,7115,Other articles of precious metals,4digit,2.0
923,1459,7116,Articles of precious stones,4digit,2.0
924,1460,7117,Imitation jewelry,4digit,2.0
925,1461,7118,Coin,4digit,2.0
926,1462,7201,Pig iron,4digit,171.0
927,1463,7202,Ferroalloys,4digit,171.0
928,1464,7203,Ferrous products from the reduction of iron ore,4digit,171.0
929,1465,7204,Ferrous waste and scrap,4digit,171.0
930,1466,7205,Powders of iron or steel,4digit,171.0
931,1467,7206,Iron and nonalloy steel,4digit,171.0
932,1468,7207,Semifinished products of iron or nonalloy steel,4digit,171.0
933,1469,7208,"Flat-rolled iron, width > 600mm, hot-rolled, not clad",4digit,171.0
934,1470,7209,"Flat-rolled iron, width > 600mm, cold-rolled, not clad",4digit,171.0
935,1471,7210,"Flat rolled iron, width > 600mm, clad",4digit,171.0
936,1472,7211,"Flat-rolled iron, width < 600mm, not clad",4digit,171.0
937,1473,7212,"Flat-rolled iron, width < 600mm, clad",4digit,171.0
938,1474,7213,Hot rolled bars of iron,4digit,171.0
939,1475,7214,"Other bars of iron, not further worked than forged",4digit,171.0
940,1476,7215,Other bars and rods of iron or nonalloy steel,4digit,171.0
941,1477,7216,Angles of iron or nonalloy steel,4digit,171.0
942,1478,7217,Wire of iron or nonalloy steel,4digit,171.0
943,1479,7218,Stainless steel in ingots,4digit,171.0
944,1480,7219,Flat-rolled products of stainless steel of a width > 600 mm,4digit,171.0
945,1481,7220,Flat-rolled products of stainless steel of a width < 600 mm,4digit,171.0
946,1482,7221,"Bars of stainless steel, hot-rolled",4digit,171.0
947,1483,7222,Other bars and rods of stainless steel,4digit,171.0
948,1484,7223,Wire of stainless steel,4digit,171.0
949,1485,7224,Other alloy steel in primary form,4digit,171.0
950,1486,7225,"Flat-rolled products of other alloy steel, width > 600 mm",4digit,171.0
951,1487,7226,"Flat-rolled products of other alloy steel, width < 600 mm",4digit,171.0
952,1488,7227,Bars of other alloy steel,4digit,171.0
953,1489,7228,Other bars and rods of other alloy steel,4digit,171.0
954,1490,7229,Wire of other alloy steel,4digit,171.0
955,1491,7301,Sheet piling of iron or steel,4digit,172.0
956,1492,7302,Railway construction material of iron or steel,4digit,172.0
957,1493,7303,Tubes of cast iron,4digit,172.0
958,1494,7304,"Tubes, seamless, of iron or steel",4digit,172.0
959,1495,7305,"Other tubes and pipes, diameter > 406.4 mm, of iron or steel",4digit,172.0
960,1496,7306,"Other tubes, pipes and hollow profiles of iron or steel",4digit,172.0
961,1497,7307,Tube or pipe fittings of iron or steel,4digit,172.0
962,1498,7308,"Structures and their parts, of iron or steel",4digit,172.0
963,1499,7309,"Tanks etc. > 300 liters, iron or steel",4digit,172.0
964,1500,7310,"Tanks etc. < 300 liters, iron or steel",4digit,172.0
965,1501,7311,Containers for compressed or liquified gas,4digit,172.0
966,1502,7312,"Wire of iron or steel, not insulated",4digit,172.0
967,1503,7313,Barbed wire of iron or steel,4digit,172.0
968,1504,7314,Cloth of iron or steel wire,4digit,172.0
969,1505,7315,Chain of iron or steel,4digit,172.0
970,1506,7316,Anchors of iron or steel,4digit,172.0
971,1507,7317,Nails and similar articles of iron or steel,4digit,172.0
972,1508,7318,Screws and similar articles of iron or steel,4digit,172.0
973,1509,7319,Articles for sewing of iron or steel,4digit,172.0
974,1510,7320,Springs of iron or steel,4digit,172.0
975,1511,7321,Stoves and similar non-electric appliances of iron or steel,4digit,172.0
976,1512,7322,Radiators for central heating of iron or steel,4digit,172.0
977,1513,7323,Household articles of iron or steel,4digit,172.0
978,1514,7324,Sanitary ware and parts of iron or steel,4digit,172.0
979,1515,7325,Other cast articles of iron or steel,4digit,172.0
980,1516,7326,Other articles of iron or steel,4digit,172.0
981,1517,7401,Copper mattes,4digit,173.0
982,1518,7402,Unrefined copper,4digit,173.0
983,1519,7403,Refined copper and copper alloys,4digit,173.0
984,1520,7404,Copper waste and scrap,4digit,173.0
985,1521,7405,Master alloys of copper,4digit,173.0
986,1522,7406,Copper powders and flakes,4digit,173.0
987,1523,7407,"Copper bars, rods and profiles",4digit,173.0
988,1524,7408,Copper wire,4digit,173.0
989,1525,7409,"Copper plates, sheets and strip > 0.15 mm",4digit,173.0
990,1526,7410,Copper foil < 0.15 mm thick,4digit,173.0
991,1527,7411,Copper tubes and pipes,4digit,173.0
992,1528,7412,Copper tube or pipe fittings,4digit,173.0
993,1529,7413,"Copper wire, uninsulated",4digit,173.0
994,1530,7414,Endless bands of copper wire for machinery,4digit,173.0
995,1531,7415,Screws and similar articles of copper,4digit,173.0
996,1532,7416,Copper springs,4digit,173.0
997,1533,7417,Copper cooking products,4digit,173.0
998,1534,7418,Household articles of copper,4digit,173.0
999,1535,7419,Other articles of copper,4digit,173.0
1000,1536,7501,Nickel mattes,4digit,174.0
1001,1537,7502,Nickel unwrought,4digit,174.0
1002,1538,7503,Nickel waste and scrap,4digit,174.0
1003,1539,7504,Nickel powders,4digit,174.0
1004,1540,7505,"Nickel bars, wire etc.",4digit,174.0
1005,1541,7506,Nickel plates,4digit,174.0
1006,1542,7507,Nickel tubes and pipes,4digit,174.0
1007,1543,7508,Other articles of nickel,4digit,174.0
1008,1544,7601,Unwrought aluminum,4digit,175.0
1009,1545,7602,"Waste or scrap, aluminium",4digit,175.0
1010,1546,7603,Aluminum powders,4digit,175.0
1011,1547,7604,Aluminum bars,4digit,175.0
1012,1548,7605,Aluminum wire,4digit,175.0
1013,1549,7606,Aluminum plates > 0.2 mm,4digit,175.0
1014,1550,7607,Aluminum foil < 0.2 mm,4digit,175.0
1015,1551,7608,Aluminum tubes and pipes,4digit,175.0
1016,1552,7609,Aluminum tube or pipe fittings,4digit,175.0
1017,1553,7610,"Aluminum structures (bridges, towers etc)",4digit,175.0
1018,1554,7611,"Aluminum containers, >300 liters",4digit,175.0
1019,1555,7612,"Aluminum containers, <300 liters",4digit,175.0
1020,1556,7613,Aluminum containers for compressed or liquefied gas,4digit,175.0
1021,1557,7614,"Aluminum wire, not insulated",4digit,175.0
1022,1558,7615,Household articles of aluminum,4digit,175.0
1023,1559,7616,Other articles of aluminum,4digit,175.0
1024,1560,7801,Lead refined unwrought,4digit,176.0
1025,1561,7802,Lead waste or scrap,4digit,176.0
1026,1562,7803,"Lead bars, rods, profiles and wire",4digit,176.0
1027,1563,7804,Lead foil <2mm,4digit,176.0
1028,1564,7805,"Lead tubes, pipes and fittings",4digit,176.0
1029,1565,7806,Other articles of lead,4digit,176.0
1030,1566,7901,Unwrought zinc,4digit,177.0
1031,1567,7902,Zinc waste and scrap,4digit,177.0
1032,1568,7903,Zinc powders,4digit,177.0
1033,1569,7904,Zinx bars and wire,4digit,177.0
1034,1570,7905,Zinc plates and foil,4digit,177.0
1035,1571,7906,"Zinc tubes, pipes and tube or pipe fittings",4digit,177.0
1036,1572,7907,Other articles of zinc,4digit,177.0
1037,1573,8001,Unwrought tin,4digit,178.0
1038,1574,8002,Tin waste and scrap,4digit,178.0
1039,1575,8003,Tin bars and wire,4digit,178.0
1040,1576,8004,"Tin plates, sheets and strips, thickness > 0.2 mm",4digit,178.0
1041,1577,8005,"Tin foil, thickness < 0.2 mm",4digit,178.0
1042,1578,8006,Tin pipes or tubes and pipe fittings,4digit,178.0
1043,1579,8007,Other articles of tin,4digit,178.0
1044,1580,8101,Tungsten (wolfram),4digit,179.0
1045,1581,8102,Molybdenum,4digit,179.0
1046,1582,8103,Tantalum,4digit,179.0
1047,1583,8104,Magnesium,4digit,179.0
1048,1584,8105,Cobalt,4digit,179.0
1049,1585,8106,Bismuth,4digit,179.0
1050,1586,8107,Cadmium,4digit,179.0
1051,1587,8108,Titanium,4digit,179.0
1052,1588,8109,Zirconium,4digit,179.0
1053,1589,8110,Antimony,4digit,179.0
1054,1590,8111,Manganese,4digit,179.0
1055,1591,8112,Other metals,4digit,179.0
1056,1592,8113,Cermets,4digit,179.0
1057,1593,8201,Handtools for gardening,4digit,180.0
1058,1594,8202,Handsaws,4digit,180.0
1059,1595,8203,"Pliers, pincers and other metal handtools",4digit,180.0
1060,1596,8204,Wrenches,4digit,180.0
1061,1597,8205,Hand tools n.e.c.,4digit,180.0
1062,1598,8206,Retail tool sets,4digit,180.0
1063,1599,8207,Interchangeable tools for hand tools,4digit,180.0
1064,1600,8208,Knives and blades for machines,4digit,180.0
1065,1601,8209,"Articles for utensils, of cermet",4digit,180.0
1066,1602,8210,"Hand-operated appliances, food preparation, <10kg",4digit,180.0
1067,1603,8211,Knife sets,4digit,180.0
1068,1604,8212,Razors,4digit,180.0
1069,1605,8213,Scissors,4digit,180.0
1070,1606,8214,Other cutlery,4digit,180.0
1071,1607,8215,Cutlery,4digit,180.0
1072,1608,8301,Padlocks and locks,4digit,181.0
1073,1609,8302,"Base metal mountings, fittings and similar articles",4digit,181.0
1074,1610,8303,Safes,4digit,181.0
1075,1611,8304,"Paper trays and similar office equipment, of base metal",4digit,181.0
1076,1612,8305,"Paper clips and similar office articles, of metal",4digit,181.0
1077,1613,8306,"Ornaments, statuettes, etc. of metal",4digit,181.0
1078,1614,8307,Flexible tubing of base metal,4digit,181.0
1079,1615,8308,"Clasps, buckles etc. of metal",4digit,181.0
1080,1616,8309,"Stoppers, caps and lids of metal",4digit,181.0
1081,1617,8310,Sign plates and similar plates of base metal,4digit,181.0
1082,1618,8311,Wire etc. used for welding,4digit,181.0
1083,1619,8401,Nuclear reactors and related equipment,4digit,7.0
1084,1620,8402,Steam boilers,4digit,7.0
1085,1621,8403,Central heating boilers,4digit,7.0
1086,1622,8404,Auxiliary parts for use with boilers,4digit,7.0
1087,1623,8405,Water gas generators,4digit,7.0
1088,1624,8406,Steam turbines,4digit,7.0
1089,1625,8407,Spark-ignition reciprocating internal combustion piston engines,4digit,7.0
1090,1626,8408,Compression-ignition internal combustion piston engines,4digit,7.0
1091,1627,8409,Parts suitable for use with spark-ignition engines,4digit,7.0
1092,1628,8410,"Hydraulic turbines, water wheels and regulators",4digit,7.0
1093,1629,8411,Gas turbines,4digit,7.0
1094,1630,8412,Other engines and motors,4digit,7.0
1095,1631,8413,Pumps for liquids,4digit,7.0
1096,1632,8414,"Pumps, compressors, fans, etc.",4digit,7.0
1097,1633,8415,Air conditioners,4digit,7.0
1098,1634,8416,Furnace burners,4digit,7.0
1099,1635,8417,Industrial furnaces,4digit,7.0
1100,1636,8418,"Refrigerators, freezers",4digit,7.0
1101,1637,8419,Equipment for temperature change of materials,4digit,7.0
1102,1638,8420,"Calendering or other rolling machines, other than for metals or glass",4digit,7.0
1103,1639,8421,Centrifuges,4digit,7.0
1104,1640,8422,Dish washing machines,4digit,7.0
1105,1641,8423,Weighing machinery,4digit,7.0
1106,1642,8424,Sprays and powder dispersers,4digit,7.0
1107,1643,8425,Pulleys and winches,4digit,7.0
1108,1644,8426,Ships' derricks; cranes,4digit,7.0
1109,1645,8427,Fork-lift trucks,4digit,7.0
1110,1646,8428,Other lifting machinery,4digit,7.0
1111,1647,8429,"Self-propelled bulldozers, excavators and road rollers",4digit,7.0
1112,1648,8430,"Other moving, excavating or boring machinery",4digit,7.0
1113,1649,8431,Parts for use with hoists and excavation machinery,4digit,7.0
1114,1650,8432,Machinery for soil preparation or cultivation,4digit,7.0
1115,1651,8433,Harvesting or agricultural machinery,4digit,7.0
1116,1652,8434,Dairy machinery,4digit,7.0
1117,1653,8435,Machines for wine and juice production,4digit,7.0
1118,1654,8436,Other agricultural machinery,4digit,7.0
1119,1655,8437,Machinery for processing grain,4digit,7.0
1120,1656,8438,Machinery for the industrial preparation of food or drink,4digit,7.0
1121,1657,8439,Machinery for making paper,4digit,7.0
1122,1658,8440,Bookbinding machinery,4digit,7.0
1123,1659,8441,Other machinery for making paper,4digit,7.0
1124,1660,8442,Machinery for making printing components,4digit,7.0
1125,1661,8443,Printers and copiers,4digit,7.0
1126,1662,8444,"Machines to extrude, cut manmade textile fibres",4digit,7.0
1127,1663,8445,Machines for preparing textile fibers,4digit,7.0
1128,1664,8446,Looms,4digit,7.0
1129,1665,8447,Knitting machines,4digit,7.0
1130,1666,8448,Auxiliary machinery for use with knitting and textile machines,4digit,7.0
1131,1667,8449,Machinery to manufacture felt,4digit,7.0
1132,1668,8450,Household- or laundry-type washing machines,4digit,7.0
1133,1669,8451,Machinery for processing fabrics,4digit,7.0
1134,1670,8452,Sewing machines,4digit,7.0
1135,1671,8453,Machinery for preparing leather,4digit,7.0
1136,1672,8454,Machines used in metallurgy,4digit,7.0
1137,1673,8455,Metal-rolling mills,4digit,7.0
1138,1674,8456,Machines for working materials by laser and similar means,4digit,7.0
1139,1675,8457,Machining centers for working metal,4digit,7.0
1140,1676,8458,Lathes for removing metal,4digit,7.0
1141,1677,8459,Machine tools for drilling by removing metal,4digit,7.0
1142,1678,8460,Machines with grinding stones for finishing metal,4digit,7.0
1143,1679,8461,Other machine tools for planing and cutting metals,4digit,7.0
1144,1680,8462,Machine tools for molding and forging metals,4digit,7.0
1145,1681,8463,"Other machine tools for working metal, without removal",4digit,7.0
1146,1682,8464,Machine tools for working stone,4digit,7.0
1147,1683,8465,Machine tools for working wood,4digit,7.0
1148,1684,8466,Parts and accessories for metal working machines,4digit,7.0
1149,1685,8467,"Tools for hand working, pneumatic, hydraulic motors",4digit,7.0
1150,1686,8468,Machinery for soldering,4digit,7.0
1151,1687,8469,Word processing machines,4digit,7.0
1152,1688,8470,"Cash registers, calculators, etc.",4digit,7.0
1153,1689,8471,Computers,4digit,7.0
1154,1690,8472,Other office machines,4digit,7.0
1155,1691,8473,Parts and accessories for office machines,4digit,7.0
1156,1692,8474,Machinery for working minerals,4digit,7.0
1157,1693,8475,Machines for assembling electric lamps,4digit,7.0
1158,1694,8476,Automatic goods-vending machines,4digit,7.0
1159,1695,8477,Machinery for working rubber or plastics,4digit,7.0
1160,1696,8478,Machinery for preparing tobacco,4digit,7.0
1161,1697,8479,Machines n.e.c.,4digit,7.0
1162,1698,8480,Molding boxes for metal foundry,4digit,7.0
1163,1699,8481,Appliances for thermostatically controlled valves,4digit,7.0
1164,1700,8482,Ball or roller bearings,4digit,7.0
1165,1701,8483,Transmission shafts,4digit,7.0
1166,1702,8484,Gaskets and similar joints of metal sheeting,4digit,7.0
1167,1703,8485,"Machinery parts, not containing electrical features, n.e.c.",4digit,7.0
1168,1704,8501,Electric motors and generators,4digit,8.0
1169,1705,8502,Electric generating sets and rotary converters,4digit,8.0
1170,1706,8503,Parts for use with electric generators,4digit,8.0
1171,1707,8504,Electrical transformers,4digit,8.0
1172,1708,8505,Electromagnets,4digit,8.0
1173,1709,8506,Primary cells and primary batteries,4digit,8.0
1174,1710,8507,Batteries,4digit,8.0
1175,1711,8508,Vacuum cleaners,4digit,8.0
1176,1712,8509,Electromechanical domestic appliances,4digit,8.0
1177,1713,8510,Electric shavers and hair clippers,4digit,8.0
1178,1714,8511,Electrical ignition equipment,4digit,8.0
1179,1715,8512,Electrical lighting equipment used for motor vehicles,4digit,8.0
1180,1716,8513,Portable electric lamps,4digit,8.0
1181,1717,8514,Industrial electric furnaces,4digit,8.0
1182,1718,8515,Electric soldering machines,4digit,8.0
1183,1719,8516,Electric heaters,4digit,8.0
1184,1720,8517,Telephones,4digit,8.0
1185,1721,8518,Microphones,4digit,8.0
1186,1722,8519,Sound reproducing apparatus,4digit,8.0
1187,1723,8520,Magnetic tape recorders,4digit,8.0
1188,1724,8521,Video recording apparatus,4digit,8.0
1189,1725,8522,Parts and accessories for video or sound equipment,4digit,8.0
1190,1726,8523,Sound storage media,4digit,8.0
1191,1727,8524,"Tapes, cassettes, records and compact disks",4digit,8.0
1192,1728,8525,"Transmission apparatus for radio, telephone and TV",4digit,8.0
1193,1729,8526,Radar,4digit,8.0
1194,1730,8527,Reception apparatus for radio broadcasting,4digit,8.0
1195,1731,8528,Monitors and projectors,4digit,8.0
1196,1732,8529,"Parts of radios, telephones, and T.V.s",4digit,8.0
1197,1733,8530,Electric signal and traffic controls,4digit,8.0
1198,1734,8531,Electric sound or visual signaling apparatus,4digit,8.0
1199,1735,8532,Electrical capacitors,4digit,8.0
1200,1736,8533,Electrical resistors,4digit,8.0
1201,1737,8534,Electronic printed circuits,4digit,8.0
1202,1738,8535,Electrical apparatus for > 1k volts,4digit,8.0
1203,1739,8536,Electrical apparatus for < 1k volts,4digit,8.0
1204,1740,8537,Electrical boards,4digit,8.0
1205,1741,8538,Parts for electrical apparatus,4digit,8.0
1206,1742,8539,Electrical filament,4digit,8.0
1207,1743,8540,"Thermionic, cold cathode or photocathode tubes",4digit,8.0
1208,1744,8541,Semiconductor devices,4digit,8.0
1209,1745,8542,Electronic integrated circuits,4digit,8.0
1210,1746,8543,Electrical machines with individual functions n.e.c.,4digit,8.0
1211,1747,8544,Insulated electrical wire,4digit,8.0
1212,1748,8545,Carbon articles for eletrical purposes,4digit,8.0
1213,1749,8546,Electrical insulators of any material,4digit,8.0
1214,1750,8547,Insulating fittings for electrical machines,4digit,8.0
1215,1751,8548,Waste and scrap of batteries,4digit,8.0
1216,1752,8601,Electric trains,4digit,6.0
1217,1753,8602,Other rail locomotives,4digit,6.0
1218,1754,8603,Self-propelled railway coaches,4digit,6.0
1219,1755,8604,Railway service vehicles,4digit,6.0
1220,1756,8605,"Railway coaches, not self-propelled",4digit,6.0
1221,1757,8606,"Railway cars, not self-propelled",4digit,6.0
1222,1758,8607,Parts of railway locomotives,4digit,6.0
1223,1759,8608,Railway track fixtures,4digit,6.0
1224,1760,8609,Containers for multimodal transportation,4digit,6.0
1225,1761,8701,Tractors,4digit,6.0
1226,1762,8702,Buses,4digit,6.0
1227,1763,8703,Cars,4digit,6.0
1228,1764,8704,Motor vehicles for transporting goods,4digit,6.0
1229,1765,8705,Special purpose motor vehicles,4digit,6.0
1230,1766,8706,Vehicle chassis fitted with engines,4digit,6.0
1231,1767,8707,Vehicle Bodies,4digit,6.0
1232,1768,8708,Parts of motor vehicles,4digit,6.0
1233,1769,8709,Work trucks,4digit,6.0
1234,1770,8710,Tanks and other armored fighting vehicles,4digit,6.0
1235,1771,8711,Motorcycles,4digit,6.0
1236,1772,8712,Bicycles,4digit,6.0
1237,1773,8713,Wheelchairs,4digit,6.0
1238,1774,8714,Parts of motorcycles or wheelchairs,4digit,6.0
1239,1775,8715,Baby carriages,4digit,6.0
1240,1776,8716,Trailers and semi-trailers,4digit,6.0
1241,1777,8801,"Gliders, hang gliders",4digit,6.0
1242,1778,8802,Other aircraft and spacecraft,4digit,6.0
1243,1779,8803,Parts of other aircraft,4digit,6.0
1244,1780,8804,Parachutes,4digit,6.0
1245,1781,8805,Aircraft launching gear,4digit,6.0
1246,1782,8901,Cargo ships and similar vessels,4digit,6.0
1247,1783,8902,Fishing vessels,4digit,6.0
1248,1784,8903,Pleasure or sport boats,4digit,6.0
1249,1785,8904,Tugs and pusher craft,4digit,6.0
1250,1786,8905,"Special function vessels, n.e.c.",4digit,6.0
1251,1787,8906,Other vessels,4digit,6.0
1252,1788,8907,Other floating structures,4digit,6.0
1253,1789,8908,Floating structures for scrapping,4digit,6.0
1254,1790,9001,Optical fibers,4digit,7.0
1255,1791,9002,Lenses and other optical elements,4digit,7.0
1256,1792,9003,"Frames for spectacles, goggles",4digit,7.0
1257,1793,9004,Glasses,4digit,7.0
1258,1794,9005,Binoculars and telescopes,4digit,7.0
1259,1795,9006,Photographic cameras,4digit,7.0
1260,1796,9007,Cinematographic cameras and projectors,4digit,7.0
1261,1797,9008,Still image projectors,4digit,7.0
1262,1798,9009,Electrostatic photo-copyers,4digit,7.0
1263,1799,9010,"Apparatus and equipment for photographic laboratories, n.e.c.",4digit,7.0
1264,1800,9011,Optical microscopes,4digit,7.0
1265,1801,9012,"Microscopes, other than optical",4digit,7.0
1266,1802,9013,Liquid crystal devices,4digit,7.0
1267,1803,9014,Navigational instruments,4digit,7.0
1268,1804,9015,Surveying instruments,4digit,7.0
1269,1805,9016,Balances of a sensitivity < 50 milligram,4digit,7.0
1270,1806,9017,Drafting tables and machines,4digit,7.0
1271,1807,9018,Medical instruments,4digit,7.0
1272,1808,9019,Therapy applicances,4digit,7.0
1273,1809,9020,Other breathing appliances and gas masks,4digit,7.0
1274,1810,9021,Orthopedic appliances,4digit,7.0
1275,1811,9022,X-ray machines,4digit,7.0
1276,1812,9023,Instruments designed for demonstrational purposes,4digit,7.0
1277,1813,9024,Machines for testing the mechanical properties of materials,4digit,7.0
1278,1814,9025,"Thermometers, hydrometers etc.",4digit,7.0
1279,1815,9026,Instruments for measuring properties of liquids or gases,4digit,7.0
1280,1816,9027,Instruments for physical or chemical analysis,4digit,7.0
1281,1817,9028,"Gas, liquid or electricity meters",4digit,7.0
1282,1818,9029,Meters,4digit,7.0
1283,1819,9030,Instruments for measuring electricity,4digit,7.0
1284,1820,9031,Measuring instruments,4digit,7.0
1285,1821,9032,Automatic regulating instruments,4digit,7.0
1286,1822,9033,Other parts for machines and appliances,4digit,7.0
1287,1823,9101,Watches with precious metal,4digit,7.0
1288,1824,9102,Watches,4digit,7.0
1289,1825,9103,Clocks with watch movements,4digit,7.0
1290,1826,9104,Instrument panel clocks for vehicles,4digit,7.0
1291,1827,9105,Other clocks,4digit,7.0
1292,1828,9106,Apparatus for measuring intervals of time,4digit,7.0
1293,1829,9107,Time switches,4digit,7.0
1294,1830,9108,"Watch movements, complete",4digit,7.0
1295,1831,9109,"Clock movements, complete",4digit,7.0
1296,1832,9110,"Clock movements, complete, unassembled",4digit,7.0
1297,1833,9111,Watch cases and parts,4digit,7.0
1298,1834,9112,Clock cases,4digit,7.0
1299,1835,9113,Watch straps,4digit,7.0
1300,1836,9114,Other clock or watch parts,4digit,7.0
1301,1837,9201,Pianos,4digit,7.0
1302,1838,9202,"Musical instruments, string",4digit,7.0
1303,1839,9203,"Harmoniums, pipe organs, etc",4digit,7.0
1304,1840,9204,Accordions and similar instruments,4digit,7.0
1305,1841,9205,"Musical instruments, wind",4digit,7.0
1306,1842,9206,"Musical instruments, percussion",4digit,7.0
1307,1843,9207,"Musical instruments, electric",4digit,7.0
1308,1844,9208,"Other musical instruments, n.e.c.",4digit,7.0
1309,1845,9209,Parts of musical instruments,4digit,7.0
1310,1846,9301,"Military weapons, other than pistols and swords",4digit,7.0
1311,1847,9302,Revolvers and pistols,4digit,7.0
1312,1848,9303,Other firearms,4digit,7.0
1313,1849,9304,"Other arms (air guns, truncheons, etc.)",4digit,7.0
1314,1850,9305,Parts of military weapons,4digit,7.0
1315,1851,9306,Munitions of war,4digit,7.0
1316,1852,9307,Swords,4digit,7.0
1317,1853,9401,Seats,4digit,192.0
1318,1854,9402,"Medical, dental or veterinary furniture",4digit,192.0
1319,1855,9403,Other furniture and parts,4digit,192.0
1320,1856,9404,Mattresses and bedding,4digit,192.0
1321,1857,9405,Lamps,4digit,192.0
1322,1858,9406,Prefabricated buildings,4digit,192.0
1323,1859,9501,"Rideable wheeled toys, dolls carriages",4digit,7.0
1324,1860,9502,Dolls,4digit,7.0
1325,1861,9503,Toys,4digit,7.0
1326,1862,9504,Games,4digit,7.0
1327,1863,9505,Christmas and other festivity articles,4digit,7.0
1328,1864,9506,Sports equipment,4digit,7.0
1329,1865,9507,Fishing and hunting equipment,4digit,7.0
1330,1866,9508,Fairground amusements,4digit,7.0
1331,1867,9601,Worked animal carving material,4digit,7.0
1332,1868,9602,Worked vegetable or mineral carving material,4digit,7.0
1333,1869,9603,Brooms and mops,4digit,7.0
1334,1870,9604,Hand sieves and riddles,4digit,7.0
1335,1871,9605,Travel sets,4digit,7.0
1336,1872,9606,Buttons,4digit,7.0
1337,1873,9607,Slide fasteners,4digit,7.0
1338,1874,9608,Pens,4digit,7.0
1339,1875,9609,"Pencils, crayons, pastels, etc.",4digit,7.0
1340,1876,9610,"Slates and boards, with writing or drawing surfaces",4digit,7.0
1341,1877,9611,Hand-operated stamps,4digit,7.0
1342,1878,9612,Typewriter ribbons and ink pads,4digit,7.0
1343,1879,9613,Cigarette lighters,4digit,7.0
1344,1880,9614,Smoking pipes,4digit,7.0
1345,1881,9615,"Combs, hair-slides etc.",4digit,7.0
1346,1882,9616,Scent sprays,4digit,7.0
1347,1883,9617,Vacuum vessels,4digit,7.0
1348,1884,9618,Mannequins,4digit,7.0
1349,1885,9701,Paintings and drawings,4digit,195.0
1350,1886,9702,Original engravings,4digit,195.0
1351,1887,9703,Sculptures,4digit,195.0
1352,1888,9704,Postage or revenue stamps,4digit,195.0
1353,1889,9705,Collectors pieces,4digit,195.0
1354,1890,9706,Antiques >100 years,4digit,195.0
1355,1891,9999,Commodities not specified according to kind,4digit,196.0
1356,1892,XXXX,Trade data discrepancies,4digit,196.0
1357,4000,unspecified,Unspecified,4digit,400.0
1358,4001,travel,Travel and tourism,4digit,401.0
1359,4002,transport,Transport,4digit,402.0
1360,4003,ict,ICT,4digit,403.0
1361,4004,financial,Insurance and finance,4digit,404.0
